entity_id	entity_label	entity_type
0	event_000001	fire_event
1	event_000002	fire_event
2	event_000003	fire_event
3	event_000004	fire_event
4	event_000005	fire_event
5	event_000006	fire_event
6	event_000007	fire_event
7	event_000008	fire_event
8	event_000009	fire_event
9	event_000010	fire_event
10	event_000011	fire_event
11	event_000012	fire_event
12	event_000013	fire_event
13	event_000014	fire_event
14	event_000015	fire_event
15	event_000016	fire_event
16	event_000017	fire_event
17	event_000018	fire_event
18	event_000019	fire_event
19	event_000020	fire_event
20	event_000021	fire_event
21	event_000022	fire_event
22	event_000023	fire_event
23	event_000024	fire_event
24	event_000025	fire_event
25	event_000026	fire_event
26	event_000027	fire_event
27	event_000028	fire_event
28	event_000029	fire_event
29	event_000030	fire_event
30	event_000031	fire_event
31	event_000032	fire_event
32	event_000033	fire_event
33	event_000034	fire_event
34	event_000035	fire_event
35	event_000036	fire_event
36	event_000037	fire_event
37	event_000038	fire_event
38	event_000039	fire_event
39	event_000040	fire_event
40	event_000041	fire_event
41	event_000042	fire_event
42	event_000043	fire_event
43	event_000044	fire_event
44	event_000045	fire_event
45	event_000046	fire_event
46	event_000047	fire_event
47	event_000048	fire_event
48	event_000049	fire_event
49	event_000050	fire_event
50	event_000051	fire_event
51	event_000052	fire_event
52	event_000053	fire_event
53	event_000054	fire_event
54	event_000055	fire_event
55	event_000056	fire_event
56	event_000057	fire_event
57	event_000058	fire_event
58	event_000059	fire_event
59	event_000060	fire_event
60	event_000061	fire_event
61	event_000062	fire_event
62	event_000063	fire_event
63	event_000064	fire_event
64	event_000065	fire_event
65	event_000066	fire_event
66	event_000067	fire_event
67	event_000068	fire_event
68	event_000069	fire_event
69	event_000070	fire_event
70	event_000071	fire_event
71	event_000072	fire_event
72	event_000073	fire_event
73	event_000074	fire_event
74	event_000075	fire_event
75	event_000076	fire_event
76	event_000077	fire_event
77	event_000078	fire_event
78	event_000079	fire_event
79	event_000080	fire_event
80	event_000081	fire_event
81	event_000082	fire_event
82	event_000083	fire_event
83	event_000084	fire_event
84	event_000085	fire_event
85	event_000086	fire_event
86	event_000087	fire_event
87	event_000088	fire_event
88	event_000089	fire_event
89	event_000090	fire_event
90	event_000091	fire_event
91	event_000092	fire_event
92	event_000093	fire_event
93	event_000094	fire_event
94	event_000095	fire_event
95	event_000096	fire_event
96	event_000097	fire_event
97	event_000098	fire_event
98	event_000099	fire_event
99	event_000100	fire_event
100	event_000101	fire_event
101	event_000102	fire_event
102	event_000103	fire_event
103	event_000104	fire_event
104	event_000105	fire_event
105	event_000106	fire_event
106	event_000107	fire_event
107	event_000108	fire_event
108	event_000109	fire_event
109	event_000110	fire_event
110	event_000111	fire_event
111	event_000112	fire_event
112	event_000113	fire_event
113	event_000114	fire_event
114	event_000115	fire_event
115	event_000116	fire_event
116	event_000117	fire_event
117	event_000118	fire_event
118	event_000119	fire_event
119	event_000120	fire_event
120	event_000121	fire_event
121	event_000122	fire_event
122	event_000123	fire_event
123	event_000124	fire_event
124	event_000125	fire_event
125	event_000126	fire_event
126	event_000127	fire_event
127	event_000128	fire_event
128	event_000129	fire_event
129	event_000130	fire_event
130	event_000131	fire_event
131	event_000132	fire_event
132	event_000133	fire_event
133	event_000134	fire_event
134	event_000135	fire_event
135	event_000136	fire_event
136	event_000137	fire_event
137	event_000138	fire_event
138	event_000139	fire_event
139	event_000140	fire_event
140	event_000141	fire_event
141	event_000142	fire_event
142	event_000143	fire_event
143	event_000144	fire_event
144	event_000145	fire_event
145	event_000146	fire_event
146	event_000147	fire_event
147	event_000148	fire_event
148	event_000149	fire_event
149	event_000150	fire_event
150	event_000151	fire_event
151	event_000152	fire_event
152	event_000153	fire_event
153	event_000154	fire_event
154	event_000155	fire_event
155	event_000156	fire_event
156	event_000157	fire_event
157	event_000158	fire_event
158	event_000159	fire_event
159	event_000160	fire_event
160	event_000161	fire_event
161	event_000162	fire_event
162	event_000163	fire_event
163	event_000164	fire_event
164	event_000165	fire_event
165	event_000166	fire_event
166	event_000167	fire_event
167	event_000168	fire_event
168	event_000169	fire_event
169	event_000170	fire_event
170	event_000171	fire_event
171	event_000172	fire_event
172	event_000173	fire_event
173	event_000174	fire_event
174	event_000175	fire_event
175	event_000176	fire_event
176	event_000177	fire_event
177	event_000178	fire_event
178	event_000179	fire_event
179	event_000180	fire_event
180	event_000181	fire_event
181	event_000182	fire_event
182	event_000183	fire_event
183	event_000184	fire_event
184	event_000185	fire_event
185	event_000186	fire_event
186	event_000187	fire_event
187	event_000188	fire_event
188	event_000189	fire_event
189	event_000190	fire_event
190	event_000191	fire_event
191	event_000192	fire_event
192	event_000193	fire_event
193	event_000194	fire_event
194	event_000195	fire_event
195	event_000196	fire_event
196	event_000197	fire_event
197	event_000198	fire_event
198	event_000199	fire_event
199	event_000200	fire_event
200	event_000201	fire_event
201	event_000202	fire_event
202	event_000203	fire_event
203	event_000204	fire_event
204	event_000205	fire_event
205	event_000206	fire_event
206	event_000207	fire_event
207	event_000208	fire_event
208	event_000209	fire_event
209	event_000210	fire_event
210	event_000211	fire_event
211	event_000212	fire_event
212	event_000213	fire_event
213	event_000214	fire_event
214	event_000215	fire_event
215	event_000216	fire_event
216	event_000217	fire_event
217	event_000218	fire_event
218	event_000219	fire_event
219	event_000220	fire_event
220	event_000221	fire_event
221	event_000222	fire_event
222	event_000223	fire_event
223	event_000224	fire_event
224	event_000225	fire_event
225	event_000226	fire_event
226	event_000227	fire_event
227	event_000228	fire_event
228	event_000229	fire_event
229	event_000230	fire_event
230	event_000231	fire_event
231	event_000232	fire_event
232	event_000233	fire_event
233	event_000234	fire_event
234	event_000235	fire_event
235	event_000236	fire_event
236	event_000237	fire_event
237	event_000238	fire_event
238	event_000239	fire_event
239	event_000240	fire_event
240	event_000241	fire_event
241	event_000242	fire_event
242	event_000243	fire_event
243	event_000244	fire_event
244	event_000245	fire_event
245	event_000246	fire_event
246	event_000247	fire_event
247	event_000248	fire_event
248	event_000249	fire_event
249	event_000250	fire_event
250	event_000251	fire_event
251	event_000252	fire_event
252	event_000253	fire_event
253	event_000254	fire_event
254	event_000255	fire_event
255	event_000256	fire_event
256	event_000257	fire_event
257	event_000258	fire_event
258	event_000259	fire_event
259	event_000260	fire_event
260	event_000261	fire_event
261	event_000262	fire_event
262	event_000263	fire_event
263	event_000264	fire_event
264	event_000265	fire_event
265	event_000266	fire_event
266	event_000267	fire_event
267	event_000268	fire_event
268	event_000269	fire_event
269	event_000270	fire_event
270	event_000271	fire_event
271	event_000272	fire_event
272	event_000273	fire_event
273	event_000274	fire_event
274	event_000275	fire_event
275	event_000276	fire_event
276	event_000277	fire_event
277	event_000278	fire_event
278	event_000279	fire_event
279	event_000280	fire_event
280	event_000281	fire_event
281	event_000282	fire_event
282	event_000283	fire_event
283	event_000284	fire_event
284	event_000285	fire_event
285	event_000286	fire_event
286	event_000287	fire_event
287	event_000288	fire_event
288	event_000289	fire_event
289	event_000290	fire_event
290	event_000291	fire_event
291	event_000292	fire_event
292	event_000293	fire_event
293	event_000294	fire_event
294	event_000295	fire_event
295	event_000296	fire_event
296	event_000297	fire_event
297	event_000298	fire_event
298	event_000299	fire_event
299	event_000300	fire_event
300	event_000301	fire_event
301	event_000302	fire_event
302	event_000303	fire_event
303	event_000304	fire_event
304	event_000305	fire_event
305	event_000306	fire_event
306	event_000307	fire_event
307	event_000308	fire_event
308	event_000309	fire_event
309	event_000310	fire_event
310	event_000311	fire_event
311	event_000312	fire_event
312	event_000313	fire_event
313	event_000314	fire_event
314	event_000315	fire_event
315	event_000316	fire_event
316	event_000317	fire_event
317	event_000318	fire_event
318	event_000319	fire_event
319	event_000320	fire_event
320	event_000321	fire_event
321	event_000322	fire_event
322	event_000323	fire_event
323	event_000324	fire_event
324	event_000325	fire_event
325	event_000326	fire_event
326	event_000327	fire_event
327	event_000328	fire_event
328	event_000329	fire_event
329	event_000330	fire_event
330	event_000331	fire_event
331	event_000332	fire_event
332	event_000333	fire_event
333	event_000334	fire_event
334	event_000335	fire_event
335	event_000336	fire_event
336	event_000337	fire_event
337	event_000338	fire_event
338	event_000339	fire_event
339	event_000340	fire_event
340	event_000341	fire_event
341	event_000342	fire_event
342	event_000343	fire_event
343	event_000344	fire_event
344	event_000345	fire_event
345	event_000346	fire_event
346	event_000347	fire_event
347	event_000348	fire_event
348	event_000349	fire_event
349	event_000350	fire_event
350	event_000351	fire_event
351	event_000352	fire_event
352	event_000353	fire_event
353	event_000354	fire_event
354	event_000355	fire_event
355	event_000356	fire_event
356	event_000357	fire_event
357	event_000358	fire_event
358	event_000359	fire_event
359	event_000360	fire_event
360	event_000361	fire_event
361	event_000362	fire_event
362	event_000363	fire_event
363	event_000364	fire_event
364	event_000365	fire_event
365	event_000366	fire_event
366	event_000367	fire_event
367	event_000368	fire_event
368	event_000369	fire_event
369	event_000370	fire_event
370	event_000371	fire_event
371	event_000372	fire_event
372	event_000373	fire_event
373	event_000374	fire_event
374	event_000375	fire_event
375	event_000376	fire_event
376	event_000377	fire_event
377	event_000378	fire_event
378	event_000379	fire_event
379	event_000380	fire_event
380	event_000381	fire_event
381	event_000382	fire_event
382	event_000383	fire_event
383	event_000384	fire_event
384	event_000385	fire_event
385	event_000386	fire_event
386	event_000387	fire_event
387	event_000388	fire_event
388	event_000389	fire_event
389	event_000390	fire_event
390	event_000391	fire_event
391	event_000392	fire_event
392	event_000393	fire_event
393	event_000394	fire_event
394	event_000395	fire_event
395	event_000396	fire_event
396	event_000397	fire_event
397	event_000398	fire_event
398	event_000399	fire_event
399	event_000400	fire_event
400	event_000401	fire_event
401	event_000402	fire_event
402	event_000403	fire_event
403	event_000404	fire_event
404	event_000405	fire_event
405	event_000406	fire_event
406	event_000407	fire_event
407	event_000408	fire_event
408	event_000409	fire_event
409	event_000410	fire_event
410	event_000411	fire_event
411	event_000412	fire_event
412	event_000413	fire_event
413	event_000414	fire_event
414	event_000415	fire_event
415	event_000416	fire_event
416	event_000417	fire_event
417	event_000418	fire_event
418	event_000419	fire_event
419	event_000420	fire_event
420	event_000421	fire_event
421	event_000422	fire_event
422	event_000423	fire_event
423	event_000424	fire_event
424	event_000425	fire_event
425	event_000426	fire_event
426	event_000427	fire_event
427	event_000428	fire_event
428	event_000429	fire_event
429	event_000430	fire_event
430	event_000431	fire_event
431	event_000432	fire_event
432	event_000433	fire_event
433	event_000434	fire_event
434	event_000435	fire_event
435	event_000436	fire_event
436	event_000437	fire_event
437	event_000438	fire_event
438	event_000439	fire_event
439	event_000440	fire_event
440	event_000441	fire_event
441	event_000442	fire_event
442	event_000443	fire_event
443	event_000444	fire_event
444	event_000445	fire_event
445	event_000446	fire_event
446	event_000447	fire_event
447	event_000448	fire_event
448	event_000449	fire_event
449	event_000450	fire_event
450	event_000451	fire_event
451	event_000452	fire_event
452	event_000453	fire_event
453	event_000454	fire_event
454	event_000455	fire_event
455	event_000456	fire_event
456	event_000457	fire_event
457	event_000458	fire_event
458	event_000459	fire_event
459	event_000460	fire_event
460	event_000461	fire_event
461	event_000462	fire_event
462	event_000463	fire_event
463	event_000464	fire_event
464	event_000465	fire_event
465	event_000466	fire_event
466	event_000467	fire_event
467	event_000468	fire_event
468	event_000469	fire_event
469	event_000470	fire_event
470	event_000471	fire_event
471	event_000472	fire_event
472	event_000473	fire_event
473	event_000474	fire_event
474	event_000475	fire_event
475	event_000476	fire_event
476	event_000477	fire_event
477	event_000478	fire_event
478	event_000479	fire_event
479	event_000480	fire_event
480	event_000481	fire_event
481	event_000482	fire_event
482	event_000483	fire_event
483	event_000484	fire_event
484	event_000485	fire_event
485	event_000486	fire_event
486	event_000487	fire_event
487	event_000488	fire_event
488	event_000489	fire_event
489	event_000490	fire_event
490	event_000491	fire_event
491	event_000492	fire_event
492	event_000493	fire_event
493	event_000494	fire_event
494	event_000495	fire_event
495	event_000496	fire_event
496	event_000497	fire_event
497	event_000498	fire_event
498	event_000499	fire_event
499	event_000500	fire_event
500	event_000501	fire_event
501	event_000502	fire_event
502	event_000503	fire_event
503	event_000504	fire_event
504	event_000505	fire_event
505	event_000506	fire_event
506	event_000507	fire_event
507	event_000508	fire_event
508	event_000509	fire_event
509	event_000510	fire_event
510	event_000511	fire_event
511	event_000512	fire_event
512	event_000513	fire_event
513	event_000514	fire_event
514	event_000515	fire_event
515	event_000516	fire_event
516	event_000517	fire_event
517	event_000518	fire_event
518	event_000519	fire_event
519	event_000520	fire_event
520	event_000521	fire_event
521	event_000522	fire_event
522	event_000523	fire_event
523	event_000524	fire_event
524	event_000525	fire_event
525	event_000526	fire_event
526	event_000527	fire_event
527	event_000528	fire_event
528	event_000529	fire_event
529	event_000530	fire_event
530	event_000531	fire_event
531	event_000532	fire_event
532	event_000533	fire_event
533	event_000534	fire_event
534	event_000535	fire_event
535	event_000536	fire_event
536	event_000537	fire_event
537	event_000538	fire_event
538	event_000539	fire_event
539	event_000540	fire_event
540	event_000541	fire_event
541	event_000542	fire_event
542	event_000543	fire_event
543	event_000544	fire_event
544	event_000545	fire_event
545	event_000546	fire_event
546	event_000547	fire_event
547	event_000548	fire_event
548	event_000549	fire_event
549	event_000550	fire_event
550	event_000551	fire_event
551	event_000552	fire_event
552	event_000553	fire_event
553	event_000554	fire_event
554	event_000555	fire_event
555	event_000556	fire_event
556	event_000557	fire_event
557	event_000558	fire_event
558	event_000559	fire_event
559	event_000560	fire_event
560	event_000561	fire_event
561	event_000562	fire_event
562	event_000563	fire_event
563	event_000564	fire_event
564	event_000565	fire_event
565	event_000566	fire_event
566	event_000567	fire_event
567	event_000568	fire_event
568	event_000569	fire_event
569	event_000570	fire_event
570	event_000571	fire_event
571	event_000572	fire_event
572	event_000573	fire_event
573	event_000574	fire_event
574	event_000575	fire_event
575	event_000576	fire_event
576	event_000577	fire_event
577	event_000578	fire_event
578	event_000579	fire_event
579	event_000580	fire_event
580	event_000581	fire_event
581	event_000582	fire_event
582	event_000583	fire_event
583	event_000584	fire_event
584	event_000585	fire_event
585	event_000586	fire_event
586	event_000587	fire_event
587	event_000588	fire_event
588	event_000589	fire_event
589	event_000590	fire_event
590	event_000591	fire_event
591	event_000592	fire_event
592	event_000593	fire_event
593	event_000594	fire_event
594	event_000595	fire_event
595	event_000596	fire_event
596	event_000597	fire_event
597	event_000598	fire_event
598	event_000599	fire_event
599	event_000600	fire_event
600	event_000601	fire_event
601	event_000602	fire_event
602	event_000603	fire_event
603	event_000604	fire_event
604	event_000605	fire_event
605	event_000606	fire_event
606	event_000607	fire_event
607	event_000608	fire_event
608	event_000609	fire_event
609	event_000610	fire_event
610	event_000611	fire_event
611	event_000612	fire_event
612	event_000613	fire_event
613	event_000614	fire_event
614	event_000615	fire_event
615	event_000616	fire_event
616	event_000617	fire_event
617	event_000618	fire_event
618	event_000619	fire_event
619	event_000620	fire_event
620	event_000621	fire_event
621	event_000622	fire_event
622	event_000623	fire_event
623	event_000624	fire_event
624	event_000625	fire_event
625	event_000626	fire_event
626	event_000627	fire_event
627	event_000628	fire_event
628	event_000629	fire_event
629	event_000630	fire_event
630	event_000631	fire_event
631	event_000632	fire_event
632	event_000633	fire_event
633	event_000634	fire_event
634	event_000635	fire_event
635	event_000636	fire_event
636	event_000637	fire_event
637	event_000638	fire_event
638	event_000639	fire_event
639	event_000640	fire_event
640	event_000641	fire_event
641	event_000642	fire_event
642	event_000643	fire_event
643	event_000644	fire_event
644	event_000645	fire_event
645	event_000646	fire_event
646	event_000647	fire_event
647	event_000648	fire_event
648	event_000649	fire_event
649	event_000650	fire_event
650	event_000651	fire_event
651	event_000652	fire_event
652	event_000653	fire_event
653	event_000654	fire_event
654	event_000655	fire_event
655	event_000656	fire_event
656	event_000657	fire_event
657	event_000658	fire_event
658	event_000659	fire_event
659	event_000660	fire_event
660	event_000661	fire_event
661	event_000662	fire_event
662	event_000663	fire_event
663	event_000664	fire_event
664	event_000665	fire_event
665	event_000666	fire_event
666	event_000667	fire_event
667	event_000668	fire_event
668	event_000669	fire_event
669	event_000670	fire_event
670	event_000671	fire_event
671	event_000672	fire_event
672	event_000673	fire_event
673	event_000674	fire_event
674	event_000675	fire_event
675	event_000676	fire_event
676	event_000677	fire_event
677	event_000678	fire_event
678	event_000679	fire_event
679	event_000680	fire_event
680	event_000681	fire_event
681	event_000682	fire_event
682	event_000683	fire_event
683	event_000684	fire_event
684	event_000685	fire_event
685	event_000686	fire_event
686	event_000687	fire_event
687	event_000688	fire_event
688	event_000689	fire_event
689	event_000690	fire_event
690	event_000691	fire_event
691	event_000692	fire_event
692	event_000693	fire_event
693	event_000694	fire_event
694	event_000695	fire_event
695	event_000696	fire_event
696	event_000697	fire_event
697	event_000698	fire_event
698	event_000699	fire_event
699	event_000700	fire_event
700	event_000701	fire_event
701	event_000702	fire_event
702	event_000703	fire_event
703	event_000704	fire_event
704	event_000705	fire_event
705	event_000706	fire_event
706	event_000707	fire_event
707	event_000708	fire_event
708	event_000709	fire_event
709	event_000710	fire_event
710	event_000711	fire_event
711	event_000712	fire_event
712	event_000713	fire_event
713	event_000714	fire_event
714	event_000715	fire_event
715	event_000716	fire_event
716	event_000717	fire_event
717	event_000718	fire_event
718	event_000719	fire_event
719	event_000720	fire_event
720	event_000721	fire_event
721	event_000722	fire_event
722	event_000723	fire_event
723	event_000724	fire_event
724	event_000725	fire_event
725	event_000726	fire_event
726	event_000727	fire_event
727	event_000728	fire_event
728	event_000729	fire_event
729	event_000730	fire_event
730	event_000731	fire_event
731	event_000732	fire_event
732	event_000733	fire_event
733	event_000734	fire_event
734	event_000735	fire_event
735	event_000736	fire_event
736	event_000737	fire_event
737	event_000738	fire_event
738	event_000739	fire_event
739	event_000740	fire_event
740	event_000741	fire_event
741	event_000742	fire_event
742	event_000743	fire_event
743	event_000744	fire_event
744	event_000745	fire_event
745	event_000746	fire_event
746	event_000747	fire_event
747	event_000748	fire_event
748	event_000749	fire_event
749	event_000750	fire_event
750	event_000751	fire_event
751	event_000752	fire_event
752	event_000753	fire_event
753	event_000754	fire_event
754	event_000755	fire_event
755	event_000756	fire_event
756	event_000757	fire_event
757	event_000758	fire_event
758	event_000759	fire_event
759	event_000760	fire_event
760	event_000761	fire_event
761	event_000762	fire_event
762	event_000763	fire_event
763	event_000764	fire_event
764	event_000765	fire_event
765	event_000766	fire_event
766	event_000767	fire_event
767	event_000768	fire_event
768	event_000769	fire_event
769	event_000770	fire_event
770	event_000771	fire_event
771	event_000772	fire_event
772	event_000773	fire_event
773	event_000774	fire_event
774	event_000775	fire_event
775	event_000776	fire_event
776	event_000777	fire_event
777	event_000778	fire_event
778	event_000779	fire_event
779	event_000780	fire_event
780	event_000781	fire_event
781	event_000782	fire_event
782	event_000783	fire_event
783	event_000784	fire_event
784	event_000785	fire_event
785	event_000786	fire_event
786	event_000787	fire_event
787	event_000788	fire_event
788	event_000789	fire_event
789	event_000790	fire_event
790	event_000791	fire_event
791	event_000792	fire_event
792	event_000793	fire_event
793	event_000794	fire_event
794	event_000795	fire_event
795	event_000796	fire_event
796	event_000797	fire_event
797	event_000798	fire_event
798	event_000799	fire_event
799	event_000800	fire_event
800	event_000801	fire_event
801	event_000802	fire_event
802	event_000803	fire_event
803	event_000804	fire_event
804	event_000805	fire_event
805	event_000806	fire_event
806	event_000807	fire_event
807	event_000808	fire_event
808	event_000809	fire_event
809	event_000810	fire_event
810	event_000811	fire_event
811	event_000812	fire_event
812	event_000813	fire_event
813	event_000814	fire_event
814	event_000815	fire_event
815	event_000816	fire_event
816	event_000817	fire_event
817	event_000818	fire_event
818	event_000819	fire_event
819	event_000820	fire_event
820	event_000821	fire_event
821	event_000822	fire_event
822	event_000823	fire_event
823	event_000824	fire_event
824	event_000825	fire_event
825	event_000826	fire_event
826	event_000827	fire_event
827	event_000828	fire_event
828	event_000829	fire_event
829	event_000830	fire_event
830	event_000831	fire_event
831	event_000832	fire_event
832	event_000833	fire_event
833	event_000834	fire_event
834	event_000835	fire_event
835	event_000836	fire_event
836	event_000837	fire_event
837	event_000838	fire_event
838	event_000839	fire_event
839	event_000840	fire_event
840	event_000841	fire_event
841	event_000842	fire_event
842	event_000843	fire_event
843	event_000844	fire_event
844	event_000845	fire_event
845	event_000846	fire_event
846	event_000847	fire_event
847	event_000848	fire_event
848	event_000849	fire_event
849	event_000850	fire_event
850	event_000851	fire_event
851	event_000852	fire_event
852	event_000853	fire_event
853	event_000854	fire_event
854	event_000855	fire_event
855	event_000856	fire_event
856	event_000857	fire_event
857	event_000858	fire_event
858	event_000859	fire_event
859	event_000860	fire_event
860	event_000861	fire_event
861	event_000862	fire_event
862	event_000863	fire_event
863	event_000864	fire_event
864	event_000865	fire_event
865	event_000866	fire_event
866	event_000867	fire_event
867	event_000868	fire_event
868	event_000869	fire_event
869	event_000870	fire_event
870	event_000871	fire_event
871	event_000872	fire_event
872	event_000873	fire_event
873	event_000874	fire_event
874	event_000875	fire_event
875	event_000876	fire_event
876	event_000877	fire_event
877	event_000878	fire_event
878	event_000879	fire_event
879	event_000880	fire_event
880	event_000881	fire_event
881	event_000882	fire_event
882	event_000883	fire_event
883	event_000884	fire_event
884	event_000885	fire_event
885	event_000886	fire_event
886	event_000887	fire_event
887	event_000888	fire_event
888	event_000889	fire_event
889	event_000890	fire_event
890	event_000891	fire_event
891	event_000892	fire_event
892	event_000893	fire_event
893	event_000894	fire_event
894	event_000895	fire_event
895	event_000896	fire_event
896	event_000897	fire_event
897	event_000898	fire_event
898	event_000899	fire_event
899	event_000900	fire_event
900	event_000901	fire_event
901	event_000902	fire_event
902	event_000903	fire_event
903	event_000904	fire_event
904	event_000905	fire_event
905	event_000906	fire_event
906	event_000907	fire_event
907	event_000908	fire_event
908	event_000909	fire_event
909	event_000910	fire_event
910	event_000911	fire_event
911	event_000912	fire_event
912	event_000913	fire_event
913	event_000914	fire_event
914	event_000915	fire_event
915	event_000916	fire_event
916	event_000917	fire_event
917	event_000918	fire_event
918	event_000919	fire_event
919	event_000920	fire_event
920	event_000921	fire_event
921	event_000922	fire_event
922	event_000923	fire_event
923	event_000924	fire_event
924	event_000925	fire_event
925	event_000926	fire_event
926	event_000927	fire_event
927	event_000928	fire_event
928	event_000929	fire_event
929	event_000930	fire_event
930	event_000931	fire_event
931	event_000932	fire_event
932	event_000933	fire_event
933	event_000934	fire_event
934	event_000935	fire_event
935	event_000936	fire_event
936	event_000937	fire_event
937	event_000938	fire_event
938	event_000939	fire_event
939	event_000940	fire_event
940	event_000941	fire_event
941	event_000942	fire_event
942	event_000943	fire_event
943	event_000944	fire_event
944	event_000945	fire_event
945	event_000946	fire_event
946	event_000947	fire_event
947	event_000948	fire_event
948	event_000949	fire_event
949	event_000950	fire_event
950	event_000951	fire_event
951	event_000952	fire_event
952	event_000953	fire_event
953	event_000954	fire_event
954	event_000955	fire_event
955	event_000956	fire_event
956	event_000957	fire_event
957	event_000958	fire_event
958	event_000959	fire_event
959	event_000960	fire_event
960	event_000961	fire_event
961	event_000962	fire_event
962	event_000963	fire_event
963	event_000964	fire_event
964	event_000965	fire_event
965	event_000966	fire_event
966	event_000967	fire_event
967	event_000968	fire_event
968	event_000969	fire_event
969	event_000970	fire_event
970	event_000971	fire_event
971	event_000972	fire_event
972	event_000973	fire_event
973	event_000974	fire_event
974	event_000975	fire_event
975	event_000976	fire_event
976	event_000977	fire_event
977	event_000978	fire_event
978	event_000979	fire_event
979	event_000980	fire_event
980	event_000981	fire_event
981	event_000982	fire_event
982	event_000983	fire_event
983	event_000984	fire_event
984	event_000985	fire_event
985	event_000986	fire_event
986	event_000987	fire_event
987	event_000988	fire_event
988	event_000989	fire_event
989	event_000990	fire_event
990	event_000991	fire_event
991	event_000992	fire_event
992	event_000993	fire_event
993	event_000994	fire_event
994	event_000995	fire_event
995	event_000996	fire_event
996	event_000997	fire_event
997	event_000998	fire_event
998	event_000999	fire_event
999	event_001000	fire_event
1000	event_001001	fire_event
1001	event_001002	fire_event
1002	event_001003	fire_event
1003	event_001004	fire_event
1004	event_001005	fire_event
1005	event_001006	fire_event
1006	event_001007	fire_event
1007	event_001008	fire_event
1008	event_001009	fire_event
1009	event_001010	fire_event
1010	event_001011	fire_event
1011	event_001012	fire_event
1012	event_001013	fire_event
1013	event_001014	fire_event
1014	event_001015	fire_event
1015	event_001016	fire_event
1016	event_001017	fire_event
1017	event_001018	fire_event
1018	event_001019	fire_event
1019	event_001020	fire_event
1020	event_001021	fire_event
1021	event_001022	fire_event
1022	event_001023	fire_event
1023	event_001024	fire_event
1024	event_001025	fire_event
1025	event_001026	fire_event
1026	event_001027	fire_event
1027	event_001028	fire_event
1028	event_001029	fire_event
1029	event_001030	fire_event
1030	event_001031	fire_event
1031	event_001032	fire_event
1032	event_001033	fire_event
1033	event_001034	fire_event
1034	event_001035	fire_event
1035	event_001036	fire_event
1036	event_001037	fire_event
1037	event_001038	fire_event
1038	event_001039	fire_event
1039	event_001040	fire_event
1040	event_001041	fire_event
1041	event_001042	fire_event
1042	event_001043	fire_event
1043	event_001044	fire_event
1044	event_001045	fire_event
1045	event_001046	fire_event
1046	event_001047	fire_event
1047	event_001048	fire_event
1048	event_001049	fire_event
1049	event_001050	fire_event
1050	event_001051	fire_event
1051	event_001052	fire_event
1052	event_001053	fire_event
1053	event_001054	fire_event
1054	event_001055	fire_event
1055	event_001056	fire_event
1056	event_001057	fire_event
1057	event_001058	fire_event
1058	event_001059	fire_event
1059	event_001060	fire_event
1060	event_001061	fire_event
1061	event_001062	fire_event
1062	event_001063	fire_event
1063	event_001064	fire_event
1064	event_001065	fire_event
1065	event_001066	fire_event
1066	event_001067	fire_event
1067	event_001068	fire_event
1068	event_001069	fire_event
1069	event_001070	fire_event
1070	event_001071	fire_event
1071	event_001072	fire_event
1072	event_001073	fire_event
1073	event_001074	fire_event
1074	event_001075	fire_event
1075	event_001076	fire_event
1076	event_001077	fire_event
1077	event_001078	fire_event
1078	event_001079	fire_event
1079	event_001080	fire_event
1080	event_001081	fire_event
1081	event_001082	fire_event
1082	event_001083	fire_event
1083	event_001084	fire_event
1084	event_001085	fire_event
1085	event_001086	fire_event
1086	event_001087	fire_event
1087	event_001088	fire_event
1088	event_001089	fire_event
1089	event_001090	fire_event
1090	event_001091	fire_event
1091	event_001092	fire_event
1092	event_001093	fire_event
1093	event_001094	fire_event
1094	event_001095	fire_event
1095	event_001096	fire_event
1096	event_001097	fire_event
1097	event_001098	fire_event
1098	event_001099	fire_event
1099	event_001100	fire_event
1100	event_001101	fire_event
1101	event_001102	fire_event
1102	event_001103	fire_event
1103	event_001104	fire_event
1104	event_001105	fire_event
1105	event_001106	fire_event
1106	event_001107	fire_event
1107	event_001108	fire_event
1108	event_001109	fire_event
1109	event_001110	fire_event
1110	event_001111	fire_event
1111	event_001112	fire_event
1112	event_001113	fire_event
1113	event_001114	fire_event
1114	event_001115	fire_event
1115	event_001116	fire_event
1116	event_001117	fire_event
1117	event_001118	fire_event
1118	event_001119	fire_event
1119	event_001120	fire_event
1120	event_001121	fire_event
1121	event_001122	fire_event
1122	event_001123	fire_event
1123	event_001124	fire_event
1124	event_001125	fire_event
1125	event_001126	fire_event
1126	event_001127	fire_event
1127	event_001128	fire_event
1128	event_001129	fire_event
1129	event_001130	fire_event
1130	event_001131	fire_event
1131	event_001132	fire_event
1132	event_001133	fire_event
1133	event_001134	fire_event
1134	event_001135	fire_event
1135	event_001136	fire_event
1136	event_001137	fire_event
1137	event_001138	fire_event
1138	event_001139	fire_event
1139	event_001140	fire_event
1140	event_001141	fire_event
1141	event_001142	fire_event
1142	event_001143	fire_event
1143	event_001144	fire_event
1144	event_001145	fire_event
1145	event_001146	fire_event
1146	event_001147	fire_event
1147	event_001148	fire_event
1148	event_001149	fire_event
1149	event_001150	fire_event
1150	event_001151	fire_event
1151	event_001152	fire_event
1152	event_001153	fire_event
1153	event_001154	fire_event
1154	event_001155	fire_event
1155	event_001156	fire_event
1156	event_001157	fire_event
1157	event_001158	fire_event
1158	event_001159	fire_event
1159	event_001160	fire_event
1160	event_001161	fire_event
1161	event_001162	fire_event
1162	event_001163	fire_event
1163	event_001164	fire_event
1164	event_001165	fire_event
1165	event_001166	fire_event
1166	event_001167	fire_event
1167	event_001168	fire_event
1168	event_001169	fire_event
1169	event_001170	fire_event
1170	event_001171	fire_event
1171	event_001172	fire_event
1172	event_001173	fire_event
1173	event_001174	fire_event
1174	event_001175	fire_event
1175	event_001176	fire_event
1176	event_001177	fire_event
1177	event_001178	fire_event
1178	event_001179	fire_event
1179	event_001180	fire_event
1180	event_001181	fire_event
1181	event_001182	fire_event
1182	event_001183	fire_event
1183	event_001184	fire_event
1184	event_001185	fire_event
1185	event_001186	fire_event
1186	event_001187	fire_event
1187	event_001188	fire_event
1188	event_001189	fire_event
1189	event_001190	fire_event
1190	event_001191	fire_event
1191	event_001192	fire_event
1192	event_001193	fire_event
1193	event_001194	fire_event
1194	event_001195	fire_event
1195	event_001196	fire_event
1196	event_001197	fire_event
1197	event_001198	fire_event
1198	event_001199	fire_event
1199	event_001200	fire_event
1200	event_001201	fire_event
1201	event_001202	fire_event
1202	event_001203	fire_event
1203	event_001204	fire_event
1204	event_001205	fire_event
1205	event_001206	fire_event
1206	event_001207	fire_event
1207	event_001208	fire_event
1208	event_001209	fire_event
1209	event_001210	fire_event
1210	event_001211	fire_event
1211	event_001212	fire_event
1212	event_001213	fire_event
1213	event_001214	fire_event
1214	event_001215	fire_event
1215	event_001216	fire_event
1216	event_001217	fire_event
1217	event_001218	fire_event
1218	event_001219	fire_event
1219	event_001220	fire_event
1220	event_001221	fire_event
1221	event_001222	fire_event
1222	event_001223	fire_event
1223	event_001224	fire_event
1224	event_001225	fire_event
1225	event_001226	fire_event
1226	event_001227	fire_event
1227	event_001228	fire_event
1228	event_001229	fire_event
1229	event_001230	fire_event
1230	event_001231	fire_event
1231	event_001232	fire_event
1232	event_001233	fire_event
1233	event_001234	fire_event
1234	event_001235	fire_event
1235	event_001236	fire_event
1236	event_001237	fire_event
1237	event_001238	fire_event
1238	event_001239	fire_event
1239	event_001240	fire_event
1240	event_001241	fire_event
1241	event_001242	fire_event
1242	event_001243	fire_event
1243	event_001244	fire_event
1244	event_001245	fire_event
1245	event_001246	fire_event
1246	event_001247	fire_event
1247	event_001248	fire_event
1248	event_001249	fire_event
1249	event_001250	fire_event
1250	event_001251	fire_event
1251	event_001252	fire_event
1252	event_001253	fire_event
1253	event_001254	fire_event
1254	event_001255	fire_event
1255	event_001256	fire_event
1256	event_001257	fire_event
1257	event_001258	fire_event
1258	event_001259	fire_event
1259	event_001260	fire_event
1260	event_001261	fire_event
1261	event_001262	fire_event
1262	event_001263	fire_event
1263	event_001264	fire_event
1264	event_001265	fire_event
1265	event_001266	fire_event
1266	event_001267	fire_event
1267	event_001268	fire_event
1268	event_001269	fire_event
1269	event_001270	fire_event
1270	event_001271	fire_event
1271	event_001272	fire_event
1272	event_001273	fire_event
1273	event_001274	fire_event
1274	event_001275	fire_event
1275	event_001276	fire_event
1276	event_001277	fire_event
1277	event_001278	fire_event
1278	event_001279	fire_event
1279	event_001280	fire_event
1280	event_001281	fire_event
1281	event_001282	fire_event
1282	event_001283	fire_event
1283	event_001284	fire_event
1284	event_001285	fire_event
1285	event_001286	fire_event
1286	event_001287	fire_event
1287	event_001288	fire_event
1288	event_001289	fire_event
1289	event_001290	fire_event
1290	event_001291	fire_event
1291	event_001292	fire_event
1292	event_001293	fire_event
1293	event_001294	fire_event
1294	event_001295	fire_event
1295	event_001296	fire_event
1296	event_001297	fire_event
1297	event_001298	fire_event
1298	event_001299	fire_event
1299	event_001300	fire_event
1300	event_001301	fire_event
1301	event_001302	fire_event
1302	event_001303	fire_event
1303	event_001304	fire_event
1304	event_001305	fire_event
1305	event_001306	fire_event
1306	event_001307	fire_event
1307	event_001308	fire_event
1308	event_001309	fire_event
1309	event_001310	fire_event
1310	event_001311	fire_event
1311	event_001312	fire_event
1312	event_001313	fire_event
1313	event_001314	fire_event
1314	event_001315	fire_event
1315	event_001316	fire_event
1316	event_001317	fire_event
1317	event_001318	fire_event
1318	event_001319	fire_event
1319	event_001320	fire_event
1320	event_001321	fire_event
1321	event_001322	fire_event
1322	event_001323	fire_event
1323	event_001324	fire_event
1324	event_001325	fire_event
1325	event_001326	fire_event
1326	event_001327	fire_event
1327	event_001328	fire_event
1328	event_001329	fire_event
1329	event_001330	fire_event
1330	event_001331	fire_event
1331	event_001332	fire_event
1332	event_001333	fire_event
1333	event_001334	fire_event
1334	event_001335	fire_event
1335	event_001336	fire_event
1336	event_001337	fire_event
1337	event_001338	fire_event
1338	event_001339	fire_event
1339	event_001340	fire_event
1340	event_001341	fire_event
1341	event_001342	fire_event
1342	event_001343	fire_event
1343	event_001344	fire_event
1344	event_001345	fire_event
1345	event_001346	fire_event
1346	event_001347	fire_event
1347	event_001348	fire_event
1348	event_001349	fire_event
1349	event_001350	fire_event
1350	event_001351	fire_event
1351	event_001352	fire_event
1352	event_001353	fire_event
1353	event_001354	fire_event
1354	event_001355	fire_event
1355	event_001356	fire_event
1356	event_001357	fire_event
1357	event_001358	fire_event
1358	event_001359	fire_event
1359	event_001360	fire_event
1360	event_001361	fire_event
1361	event_001362	fire_event
1362	event_001363	fire_event
1363	event_001364	fire_event
1364	event_001365	fire_event
1365	event_001366	fire_event
1366	event_001367	fire_event
1367	event_001368	fire_event
1368	event_001369	fire_event
1369	event_001370	fire_event
1370	event_001371	fire_event
1371	event_001372	fire_event
1372	event_001373	fire_event
1373	event_001374	fire_event
1374	event_001375	fire_event
1375	event_001376	fire_event
1376	event_001377	fire_event
1377	event_001378	fire_event
1378	event_001379	fire_event
1379	event_001380	fire_event
1380	event_001381	fire_event
1381	event_001382	fire_event
1382	event_001383	fire_event
1383	event_001384	fire_event
1384	event_001385	fire_event
1385	event_001386	fire_event
1386	event_001387	fire_event
1387	event_001388	fire_event
1388	event_001389	fire_event
1389	event_001390	fire_event
1390	event_001391	fire_event
1391	event_001392	fire_event
1392	event_001393	fire_event
1393	event_001394	fire_event
1394	event_001395	fire_event
1395	event_001396	fire_event
1396	event_001397	fire_event
1397	event_001398	fire_event
1398	event_001399	fire_event
1399	event_001400	fire_event
1400	event_001401	fire_event
1401	event_001402	fire_event
1402	event_001403	fire_event
1403	event_001404	fire_event
1404	event_001405	fire_event
1405	event_001406	fire_event
1406	event_001407	fire_event
1407	event_001408	fire_event
1408	event_001409	fire_event
1409	event_001410	fire_event
1410	event_001411	fire_event
1411	event_001412	fire_event
1412	event_001413	fire_event
1413	event_001414	fire_event
1414	event_001415	fire_event
1415	event_001416	fire_event
1416	event_001417	fire_event
1417	event_001418	fire_event
1418	event_001419	fire_event
1419	event_001420	fire_event
1420	event_001421	fire_event
1421	event_001422	fire_event
1422	event_001423	fire_event
1423	event_001424	fire_event
1424	event_001425	fire_event
1425	event_001426	fire_event
1426	event_001427	fire_event
1427	event_001428	fire_event
1428	event_001429	fire_event
1429	event_001430	fire_event
1430	event_001431	fire_event
1431	event_001432	fire_event
1432	event_001433	fire_event
1433	event_001434	fire_event
1434	event_001435	fire_event
1435	event_001436	fire_event
1436	event_001437	fire_event
1437	event_001438	fire_event
1438	event_001439	fire_event
1439	event_001440	fire_event
1440	event_001441	fire_event
1441	event_001442	fire_event
1442	event_001443	fire_event
1443	event_001444	fire_event
1444	event_001445	fire_event
1445	event_001446	fire_event
1446	event_001447	fire_event
1447	event_001448	fire_event
1448	event_001449	fire_event
1449	event_001450	fire_event
1450	event_001451	fire_event
1451	event_001452	fire_event
1452	event_001453	fire_event
1453	event_001454	fire_event
1454	event_001455	fire_event
1455	event_001456	fire_event
1456	event_001457	fire_event
1457	event_001458	fire_event
1458	event_001459	fire_event
1459	event_001460	fire_event
1460	event_001461	fire_event
1461	event_001462	fire_event
1462	event_001463	fire_event
1463	event_001464	fire_event
1464	event_001465	fire_event
1465	event_001466	fire_event
1466	event_001467	fire_event
1467	event_001468	fire_event
1468	event_001469	fire_event
1469	event_001470	fire_event
1470	event_001471	fire_event
1471	event_001472	fire_event
1472	event_001473	fire_event
1473	event_001474	fire_event
1474	event_001475	fire_event
1475	event_001476	fire_event
1476	event_001477	fire_event
1477	event_001478	fire_event
1478	event_001479	fire_event
1479	event_001480	fire_event
1480	event_001481	fire_event
1481	event_001482	fire_event
1482	event_001483	fire_event
1483	event_001484	fire_event
1484	event_001485	fire_event
1485	event_001486	fire_event
1486	event_001487	fire_event
1487	event_001488	fire_event
1488	event_001489	fire_event
1489	event_001490	fire_event
1490	event_001491	fire_event
1491	event_001492	fire_event
1492	event_001493	fire_event
1493	event_001494	fire_event
1494	event_001495	fire_event
1495	event_001496	fire_event
1496	event_001497	fire_event
1497	event_001498	fire_event
1498	event_001499	fire_event
1499	event_001500	fire_event
1500	面积1-5	area_bin
1501	面积100+	area_bin
1502	面积20-100	area_bin
1503	面积5-20	area_bin
1504	面积<=1	area_bin
1505	公路	area_type
1506	其他区域	area_type
1507	农村(村、寨、屯等)	area_type
1508	县城城区	area_type
1509	城市市区	area_type
1510	开发区、旅游区	area_type
1511	集镇镇区	area_type
1512	不排除原因	cause_group
1513	乱扔烟头、火柴等	cause_group
1514	余火复燃	cause_group
1515	使用蚊香不慎	cause_group
1516	其他	cause_group
1517	其他炉具故障及使用不当	cause_group
1518	刑事放火	cause_group
1519	卧床吸烟	cause_group
1520	小孩玩火	cause_group
1521	敬神祭祖	cause_group
1522	机械设备类故障	cause_group
1523	油锅起火	cause_group
1524	烘烤	cause_group
1525	烘烤不慎	cause_group
1526	烟道过热窜火、飞火等	cause_group
1527	烧荒、野外生火不慎	cause_group
1528	焊割	cause_group
1529	照明不慎	cause_group
1530	熬炼	cause_group
1531	燃放烟花爆竹	cause_group
1532	燃气炉具故障及使用不当	cause_group
1533	燃油炉具故障及使用不当	cause_group
1534	电加热器具火灾	cause_group
1535	电动机及其他工业设备	cause_group
1536	电器设备故障	cause_group
1537	电气线路故障（线路接插件、配电盘、控制装置等）	cause_group
1538	精神病、智障等人士放火	cause_group
1539	自焚	cause_group
1540	自燃	cause_group
1541	蓄电池故障（热失控）	cause_group
1542	违章吸烟	cause_group
1543	遗留火种	cause_group
1544	雷击	cause_group
1545	静电	cause_group
1546	元旦节	holiday
1547	双休日	holiday
1548	工作日	holiday
1549	春节	holiday
1550	损失0	loss_bin
1551	损失1-500	loss_bin
1552	损失10000+	loss_bin
1553	损失2000-10000	loss_bin
1554	损失500-2000	loss_bin
1555	其他	material_group
1556	农副产品	material_group
1557	家俱、设备及竹、木等制品	material_group
1558	山林野外（露天）	material_group
1559	建筑构件、材料	material_group
1560	易燃、易爆物品	material_group
1561	轻工业品、纺织品	material_group
1562	修车库	place_group
1563	公共娱乐场所	place_group
1564	公园	place_group
1565	其他	place_group
1566	农用机械	place_group
1567	办公场所	place_group
1568	医疗机构	place_group
1569	厂房	place_group
1570	商业场所	place_group
1571	垃圾中转站	place_group
1572	垃圾场	place_group
1573	垃圾堆	place_group
1574	垃圾箱	place_group
1575	学校	place_group
1576	宗教场所	place_group
1577	客车	place_group
1578	室内农副业场所	place_group
1579	室外独立生产设施设备	place_group
1580	室外集贸市场	place_group
1581	宾馆、饭店、招待所	place_group
1582	居住场所	place_group
1583	工地	place_group
1584	废品回收场所	place_group
1585	摩托车	place_group
1586	森林	place_group
1587	汽车库	place_group
1588	物资仓储场所	place_group
1589	特种车	place_group
1590	电动助力车（三轮车、自行车）	place_group
1591	纯餐饮场所	place_group
1592	草原	place_group
1593	货车	place_group
1594	轿车	place_group
1595	道路绿化带、隔离带	place_group
1596	露天农副业场所	place_group
1597	露天堆垛	place_group
1598	临时建筑	structure
1599	其他	structure
1600	彩钢板	structure
1601	彩钢棚建筑	structure
1602	木结构	structure
1603	未知	structure
1604	砖木结构	structure
1605	砖混结构	structure
1606	钢砼结构	structure
1607	钢结构	structure
